id,name,Category,price,Quantity,description,features,added,updated
1,Modern Frozen Fish,Home,741,100,The slim & simple Maple Gaming Keyboard from Dev Byte comes with a sleek body and 7- Color RGB LED Back-lighting for smart functionality,"Andy shoes are designed to keeping in mind durability as well as trends, the most stylish range of shoes & sandals",02/05/2021,06/05/2021
2,Tasty Bronze Bike,Tools,"1,175",28,The slim & simple Maple Gaming Keyboard from Dev Byte comes with a sleek body and 7- Color RGB LED Back-lighting for smart functionality,"Andy shoes are designed to keeping in mind durability as well as trends, the most stylish range of shoes & sandals",14/04/2023,21/04/2023
3,Fantastic Metal Shirt,Grocery,"2,007",89,The slim & simple Maple Gaming Keyboard from Dev Byte comes with a sleek body and 7- Color RGB LED Back-lighting for smart functionality,"Andy shoes are designed to keeping in mind durability as well as trends, the most stylish range of shoes & sandals",01/12/2022,07/12/2022
4,Elegant Metal Hat,Computers,"9,581",83,The slim & simple Maple Gaming Keyboard from Dev Byte comes with a sleek body and 7- Color RGB LED Back-lighting for smart functionality,"Andy shoes are designed to keeping in mind durability as well as trends, the most stylish range of shoes & sandals",25/04/2024,29/04/2024
5,Small Granite Chicken,Toys,"5,578",24,The slim & simple Maple Gaming Keyboard from Dev Byte comes with a sleek body and 7- Color RGB LED Back-lighting for smart functionality,"Andy shoes are designed to keeping in mind durability as well as trends, the most stylish range of shoes & sandals",17/07/2021,27/07/2021
6,Modern Bronze Sausages,Clothing,"2,960",98,The slim & simple Maple Gaming Keyboard from Dev Byte comes with a sleek body and 7- Color RGB LED Back-lighting for smart functionality,"Andy shoes are designed to keeping in mind durability as well as trends, the most stylish range of shoes & sandals",03/10/2021,05/10/2021
7,Tasty Soft Gloves,Outdoors,"9,712",27,The slim & simple Maple Gaming Keyboard from Dev Byte comes with a sleek body and 7- Color RGB LED Back-lighting for smart functionality,"Andy shoes are designed to keeping in mind durability as well as trends, the most stylish range of shoes & sandals",09/10/2022,17/10/2022
8,Luxurious Fresh Bacon,Home,"7,559",7,"The Nagasaki Lander is the trademarked name of several series of Nagasaki sport bikes, that started with the 1984 ABC800J","Andy shoes are designed to keeping in mind durability as well as trends, the most stylish range of shoes & sandals",29/05/2022,08/06/2022
9,Intelligent Steel Salad,Grocery,"4,383",92,"The Nagasaki Lander is the trademarked name of several series of Nagasaki sport bikes, that started with the 1984 ABC800J","Andy shoes are designed to keeping in mind durability as well as trends, the most stylish range of shoes & sandals",20/12/2024,25/12/2024
10,Handcrafted Frozen Shirt,Home,"4,053",79,"The Nagasaki Lander is the trademarked name of several series of Nagasaki sport bikes, that started with the 1984 ABC800J","Andy shoes are designed to keeping in mind durability as well as trends, the most stylish range of shoes & sandals",29/06/2021,09/07/2021
11,Elegant Bronze Chicken,Books,"3,467",20,"The Nagasaki Lander is the trademarked name of several series of Nagasaki sport bikes, that started with the 1984 ABC800J","Andy shoes are designed to keeping in mind durability as well as trends, the most stylish range of shoes & sandals",02/08/2021,09/08/2021
12,Small Soft Soap,Home,"2,499",57,"The Nagasaki Lander is the trademarked name of several series of Nagasaki sport bikes, that started with the 1984 ABC800J","Boston's most advanced compression wear technology increases muscle oxygenation, stabilizes active muscles",09/02/2022,11/02/2022
13,Incredible Cotton Cheese,Grocery,"4,482",11,"The Nagasaki Lander is the trademarked name of several series of Nagasaki sport bikes, that started with the 1984 ABC800J","Boston's most advanced compression wear technology increases muscle oxygenation, stabilizes active muscles",04/10/2024,05/10/2024
14,Recycled Fresh Computer,Music,"5,571",87,The Football Is Good For Training And Recreational Purposes,Carbonite web goalkeeper gloves are ergonomically designed to give easy fit,30/09/2021,07/10/2021
15,Rustic Granite Chair,Electronics,"5,136",69,The Football Is Good For Training And Recreational Purposes,Carbonite web goalkeeper gloves are ergonomically designed to give easy fit,13/09/2024,17/09/2024
16,Refined Concrete Gloves,Toys,"7,436",59,The Football Is Good For Training And Recreational Purposes,Carbonite web goalkeeper gloves are ergonomically designed to give easy fit,04/10/2021,06/10/2021
17,Bespoke Rubber Keyboard,Clothing,"1,000",99,The Football Is Good For Training And Recreational Purposes,Carbonite web goalkeeper gloves are ergonomically designed to give easy fit,27/11/2021,30/11/2021
18,Gorgeous Bronze Hat,Health,"2,238",68,The Football Is Good For Training And Recreational Purposes,Carbonite web goalkeeper gloves are ergonomically designed to give easy fit,07/08/2024,08/08/2024
19,Practical Granite Car,Baby,"3,510",73,The Football Is Good For Training And Recreational Purposes,Carbonite web goalkeeper gloves are ergonomically designed to give easy fit,02/12/2021,03/12/2021
20,Rustic Granite Bacon,Outdoors,"8,755",72,The beautiful range of Apple Naturalé that has an exciting mix of natural ingredients. With the Goodness of 100% Natural Ingredients,Carbonite web goalkeeper gloves are ergonomically designed to give easy fit,18/09/2020,21/09/2020
21,Refined Granite Keyboard,Jewelery,"6,826",94,The beautiful range of Apple Naturalé that has an exciting mix of natural ingredients. With the Goodness of 100% Natural Ingredients,Carbonite web goalkeeper gloves are ergonomically designed to give easy fit,12/02/2021,16/02/2021
22,Practical Plastic Hat,Garden,"4,166",38,The beautiful range of Apple Naturalé that has an exciting mix of natural ingredients. With the Goodness of 100% Natural Ingredients,Ergonomic executive chair upholstered in bonded black leather and PVC padded seat and back for all-day comfort and support,03/11/2020,10/11/2020
23,Fantastic Granite Cheese,Outdoors,"2,605",42,The beautiful range of Apple Naturalé that has an exciting mix of natural ingredients. With the Goodness of 100% Natural Ingredients,Ergonomic executive chair upholstered in bonded black leather and PVC padded seat and back for all-day comfort and support,20/02/2023,23/02/2023
24,Handcrafted Rubber Tuna,Shoes,"8,602",13,The beautiful range of Apple Naturalé that has an exciting mix of natural ingredients. With the Goodness of 100% Natural Ingredients,Ergonomic executive chair upholstered in bonded black leather and PVC padded seat and back for all-day comfort and support,01/11/2023,06/11/2023
25,Incredible Plastic Salad,Industrial,"8,027",40,The beautiful range of Apple Naturalé that has an exciting mix of natural ingredients. With the Goodness of 100% Natural Ingredients,Ergonomic executive chair upholstered in bonded black leather and PVC padded seat and back for all-day comfort and support,15/10/2024,23/10/2024
26,Small Rubber Shoes,Jewelery,"1,971",46,The beautiful range of Apple Naturalé that has an exciting mix of natural ingredients. With the Goodness of 100% Natural Ingredients,Ergonomic executive chair upholstered in bonded black leather and PVC padded seat and back for all-day comfort and support,04/04/2024,11/04/2024
27,Unbranded Steel Table,Tools,"3,411",44,The beautiful range of Apple Naturalé that has an exciting mix of natural ingredients. With the Goodness of 100% Natural Ingredients,Ergonomic executive chair upholstered in bonded black leather and PVC padded seat and back for all-day comfort and support,11/03/2020,21/03/2020
28,Practical Wooden Cheese,Home,"5,988",7,The beautiful range of Apple Naturalé that has an exciting mix of natural ingredients. With the Goodness of 100% Natural Ingredients,Ergonomic executive chair upholstered in bonded black leather and PVC padded seat and back for all-day comfort and support,30/03/2023,09/04/2023
29,Small Soft Soap,Beauty,"9,369",4,The beautiful range of Apple Naturalé that has an exciting mix of natural ingredients. With the Goodness of 100% Natural Ingredients,Ergonomic executive chair upholstered in bonded black leather and PVC padded seat and back for all-day comfort and support,02/07/2021,12/07/2021
30,Small Fresh Fish,Shoes,"2,251",86,The beautiful range of Apple Naturalé that has an exciting mix of natural ingredients. With the Goodness of 100% Natural Ingredients,Ergonomic executive chair upholstered in bonded black leather and PVC padded seat and back for all-day comfort and support,18/09/2023,23/09/2023
31,Awesome Cotton Chair,Clothing,"4,806",88,"The automobile layout consists of a front-engine design, with transaxle-type transmissions mounted at the rear of the engine and four wheel drive",Ergonomic executive chair upholstered in bonded black leather and PVC padded seat and back for all-day comfort and support,11/02/2023,20/02/2023
32,Bespoke Frozen Car,Shoes,"7,910",69,"The automobile layout consists of a front-engine design, with transaxle-type transmissions mounted at the rear of the engine and four wheel drive","New ABC 13 9370, 13.3, 5th Gen CoreA5-8250U, 8GB RAM, 256GB SSD, power UHD Graphics, OS 10 Home, OS Office A & J 2016",27/07/2022,29/07/2022
33,Unbranded Wooden Chicken,Shoes,"1,678",74,"The automobile layout consists of a front-engine design, with transaxle-type transmissions mounted at the rear of the engine and four wheel drive","New ABC 13 9370, 13.3, 5th Gen CoreA5-8250U, 8GB RAM, 256GB SSD, power UHD Graphics, OS 10 Home, OS Office A & J 2016",23/01/2023,27/01/2023
34,Sleek Soft Bike,Beauty,"8,033",63,"The automobile layout consists of a front-engine design, with transaxle-type transmissions mounted at the rear of the engine and four wheel drive","New ABC 13 9370, 13.3, 5th Gen CoreA5-8250U, 8GB RAM, 256GB SSD, power UHD Graphics, OS 10 Home, OS Office A & J 2016",16/02/2021,23/02/2021
35,Electronic Wooden Chair,Books,"8,361",10,"The automobile layout consists of a front-engine design, with transaxle-type transmissions mounted at the rear of the engine and four wheel drive","New ABC 13 9370, 13.3, 5th Gen CoreA5-8250U, 8GB RAM, 256GB SSD, power UHD Graphics, OS 10 Home, OS Office A & J 2016",20/02/2020,28/02/2020
36,Sleek Wooden Computer,Computers,"2,711",47,"The automobile layout consists of a front-engine design, with transaxle-type transmissions mounted at the rear of the engine and four wheel drive","New ABC 13 9370, 13.3, 5th Gen CoreA5-8250U, 8GB RAM, 256GB SSD, power UHD Graphics, OS 10 Home, OS Office A & J 2016",06/08/2024,11/08/2024
37,Bespoke Frozen Pizza,Home,"3,790",77,"The automobile layout consists of a front-engine design, with transaxle-type transmissions mounted at the rear of the engine and four wheel drive","New ABC 13 9370, 13.3, 5th Gen CoreA5-8250U, 8GB RAM, 256GB SSD, power UHD Graphics, OS 10 Home, OS Office A & J 2016",02/09/2021,11/09/2021
38,Electronic Rubber Towels,Tools,"5,022",71,"The automobile layout consists of a front-engine design, with transaxle-type transmissions mounted at the rear of the engine and four wheel drive",New range of formal shirts are designed keeping you in mind. With fits and styling that will make you stand apart,26/09/2023,04/10/2023
39,Small Soft Bacon,Jewelery,"8,415",81,"The automobile layout consists of a front-engine design, with transaxle-type transmissions mounted at the rear of the engine and four wheel drive",New range of formal shirts are designed keeping you in mind. With fits and styling that will make you stand apart,05/12/2023,06/12/2023
40,Awesome Plastic Table,Grocery,"3,768",81,"The automobile layout consists of a front-engine design, with transaxle-type transmissions mounted at the rear of the engine and four wheel drive",New range of formal shirts are designed keeping you in mind. With fits and styling that will make you stand apart,19/01/2024,20/01/2024
41,Bespoke Cotton Keyboard,Music,526,42,"The automobile layout consists of a front-engine design, with transaxle-type transmissions mounted at the rear of the engine and four wheel drive",New range of formal shirts are designed keeping you in mind. With fits and styling that will make you stand apart,10/07/2024,19/07/2024
42,Unbranded Steel Salad,Kids,"8,529",32,"The automobile layout consists of a front-engine design, with transaxle-type transmissions mounted at the rear of the engine and four wheel drive",New range of formal shirts are designed keeping you in mind. With fits and styling that will make you stand apart,03/09/2023,08/09/2023
43,Handmade Steel Towels,Movies,853,2,"The Apollotech B340 is an affordable wireless mouse with reliable connectivity, 12 months battery life and modern design",New range of formal shirts are designed keeping you in mind. With fits and styling that will make you stand apart,29/06/2023,05/07/2023
44,Elegant Frozen Pants,Movies,"2,489",36,"The Apollotech B340 is an affordable wireless mouse with reliable connectivity, 12 months battery life and modern design",New range of formal shirts are designed keeping you in mind. With fits and styling that will make you stand apart,22/12/2024,24/12/2024
45,Incredible Bronze Fish,Toys,"1,805",91,"The Apollotech B340 is an affordable wireless mouse with reliable connectivity, 12 months battery life and modern design",New range of formal shirts are designed keeping you in mind. With fits and styling that will make you stand apart,27/03/2022,05/04/2022
46,Fantastic Frozen Car,Home,"8,672",12,"The Apollotech B340 is an affordable wireless mouse with reliable connectivity, 12 months battery life and modern design","The Apollotech B340 is an affordable wireless mouse with reliable connectivity, 12 months battery life and modern design",09/08/2024,16/08/2024
47,Recycled Wooden Soap,Games,"6,414",62,"The Apollotech B340 is an affordable wireless mouse with reliable connectivity, 12 months battery life and modern design","The Apollotech B340 is an affordable wireless mouse with reliable connectivity, 12 months battery life and modern design",27/10/2024,01/11/2024
48,Oriental Steel Tuna,Jewelery,"3,989",17,"The Apollotech B340 is an affordable wireless mouse with reliable connectivity, 12 months battery life and modern design","The Apollotech B340 is an affordable wireless mouse with reliable connectivity, 12 months battery life and modern design",08/08/2021,14/08/2021
49,Awesome Soft Towels,Industrial,829,78,"The Apollotech B340 is an affordable wireless mouse with reliable connectivity, 12 months battery life and modern design","The Apollotech B340 is an affordable wireless mouse with reliable connectivity, 12 months battery life and modern design",03/10/2024,05/10/2024
50,Electronic Granite Keyboard,Electronics,"5,995",80,"The Apollotech B340 is an affordable wireless mouse with reliable connectivity, 12 months battery life and modern design","The Apollotech B340 is an affordable wireless mouse with reliable connectivity, 12 months battery life and modern design",02/07/2021,03/07/2021
51,Handmade Fresh Chicken,Movies,"3,471",81,"The Apollotech B340 is an affordable wireless mouse with reliable connectivity, 12 months battery life and modern design","The Apollotech B340 is an affordable wireless mouse with reliable connectivity, 12 months battery life and modern design",16/01/2021,26/01/2021
52,Oriental Plastic Bike,Music,"1,238",29,"The Apollotech B340 is an affordable wireless mouse with reliable connectivity, 12 months battery life and modern design","The Apollotech B340 is an affordable wireless mouse with reliable connectivity, 12 months battery life and modern design",23/09/2021,24/09/2021
53,Oriental Bronze Car,Jewelery,"4,997",59,"The Apollotech B340 is an affordable wireless mouse with reliable connectivity, 12 months battery life and modern design","The Apollotech B340 is an affordable wireless mouse with reliable connectivity, 12 months battery life and modern design",03/05/2023,10/05/2023
54,Rustic Wooden Sausages,Sports,"7,269",11,"The Apollotech B340 is an affordable wireless mouse with reliable connectivity, 12 months battery life and modern design","The Apollotech B340 is an affordable wireless mouse with reliable connectivity, 12 months battery life and modern design",09/09/2021,11/09/2021
55,Unbranded Rubber Ball,Shoes,"4,917",31,"The Apollotech B340 is an affordable wireless mouse with reliable connectivity, 12 months battery life and modern design","The Apollotech B340 is an affordable wireless mouse with reliable connectivity, 12 months battery life and modern design",27/09/2022,30/09/2022
56,Sleek Soft Fish,Clothing,"8,419",23,New range of formal shirts are designed keeping you in mind. With fits and styling that will make you stand apart,"The Apollotech B340 is an affordable wireless mouse with reliable connectivity, 12 months battery life and modern design",20/10/2022,26/10/2022
57,Small Cotton Bike,Automotive,"4,394",79,New range of formal shirts are designed keeping you in mind. With fits and styling that will make you stand apart,"The Apollotech B340 is an affordable wireless mouse with reliable connectivity, 12 months battery life and modern design",10/09/2020,14/09/2020
58,Practical Frozen Sausages,Books,"4,865",55,New range of formal shirts are designed keeping you in mind. With fits and styling that will make you stand apart,"The Apollotech B340 is an affordable wireless mouse with reliable connectivity, 12 months battery life and modern design",05/10/2023,08/10/2023
59,Generic Frozen Shirt,Kids,"6,640",27,New range of formal shirts are designed keeping you in mind. With fits and styling that will make you stand apart,"The automobile layout consists of a front-engine design, with transaxle-type transmissions mounted at the rear of the engine and four wheel drive",04/03/2022,07/03/2022
60,Small Granite Table,Tools,"5,490",36,New range of formal shirts are designed keeping you in mind. With fits and styling that will make you stand apart,"The automobile layout consists of a front-engine design, with transaxle-type transmissions mounted at the rear of the engine and four wheel drive",08/12/2021,13/12/2021
61,Practical Rubber Chips,Music,"7,406",79,New range of formal shirts are designed keeping you in mind. With fits and styling that will make you stand apart,"The automobile layout consists of a front-engine design, with transaxle-type transmissions mounted at the rear of the engine and four wheel drive",28/09/2023,04/10/2023
62,Ergonomic Bronze Chicken,Health,"2,036",36,New range of formal shirts are designed keeping you in mind. With fits and styling that will make you stand apart,"The automobile layout consists of a front-engine design, with transaxle-type transmissions mounted at the rear of the engine and four wheel drive",10/12/2023,11/12/2023
63,Unbranded Frozen Bacon,Games,"6,461",6,New range of formal shirts are designed keeping you in mind. With fits and styling that will make you stand apart,"The automobile layout consists of a front-engine design, with transaxle-type transmissions mounted at the rear of the engine and four wheel drive",10/08/2024,12/08/2024
64,Electronic Concrete Hat,Beauty,"3,678",51,"New ABC 13 9370, 13.3, 5th Gen CoreA5-8250U, 8GB RAM, 256GB SSD, power UHD Graphics, OS 10 Home, OS Office A & J 2016","The automobile layout consists of a front-engine design, with transaxle-type transmissions mounted at the rear of the engine and four wheel drive",10/12/2021,12/12/2021
65,Fantastic Concrete Sausages,Outdoors,"6,707",14,"New ABC 13 9370, 13.3, 5th Gen CoreA5-8250U, 8GB RAM, 256GB SSD, power UHD Graphics, OS 10 Home, OS Office A & J 2016","The automobile layout consists of a front-engine design, with transaxle-type transmissions mounted at the rear of the engine and four wheel drive",17/10/2024,19/10/2024
66,Gorgeous Fresh Chair,Grocery,"6,571",27,"New ABC 13 9370, 13.3, 5th Gen CoreA5-8250U, 8GB RAM, 256GB SSD, power UHD Graphics, OS 10 Home, OS Office A & J 2016","The automobile layout consists of a front-engine design, with transaxle-type transmissions mounted at the rear of the engine and four wheel drive",19/06/2023,23/06/2023
67,Bespoke Plastic Bacon,Health,"6,622",78,"New ABC 13 9370, 13.3, 5th Gen CoreA5-8250U, 8GB RAM, 256GB SSD, power UHD Graphics, OS 10 Home, OS Office A & J 2016","The automobile layout consists of a front-engine design, with transaxle-type transmissions mounted at the rear of the engine and four wheel drive",11/05/2023,13/05/2023
68,Unbranded Rubber Gloves,Electronics,"3,930",47,"New ABC 13 9370, 13.3, 5th Gen CoreA5-8250U, 8GB RAM, 256GB SSD, power UHD Graphics, OS 10 Home, OS Office A & J 2016","The automobile layout consists of a front-engine design, with transaxle-type transmissions mounted at the rear of the engine and four wheel drive",16/05/2023,24/05/2023
69,Modern Wooden Bacon,Outdoors,"8,647",36,"New ABC 13 9370, 13.3, 5th Gen CoreA5-8250U, 8GB RAM, 256GB SSD, power UHD Graphics, OS 10 Home, OS Office A & J 2016","The automobile layout consists of a front-engine design, with transaxle-type transmissions mounted at the rear of the engine and four wheel drive",02/02/2021,06/02/2021
70,Licensed Granite Towels,Toys,"3,601",20,Ergonomic executive chair upholstered in bonded black leather and PVC padded seat and back for all-day comfort and support,"The automobile layout consists of a front-engine design, with transaxle-type transmissions mounted at the rear of the engine and four wheel drive",14/08/2023,17/08/2023
71,Awesome Steel Car,Baby,"1,098",77,Ergonomic executive chair upholstered in bonded black leather and PVC padded seat and back for all-day comfort and support,The beautiful range of Apple Naturalé that has an exciting mix of natural ingredients. With the Goodness of 100% Natural Ingredients,27/09/2023,06/10/2023
72,Practical Frozen Towels,Jewelery,"7,481",79,Ergonomic executive chair upholstered in bonded black leather and PVC padded seat and back for all-day comfort and support,The beautiful range of Apple Naturalé that has an exciting mix of natural ingredients. With the Goodness of 100% Natural Ingredients,23/09/2020,03/10/2020
73,Practical Concrete Chips,Sports,"2,150",64,Ergonomic executive chair upholstered in bonded black leather and PVC padded seat and back for all-day comfort and support,The beautiful range of Apple Naturalé that has an exciting mix of natural ingredients. With the Goodness of 100% Natural Ingredients,14/02/2021,22/02/2021
74,Gorgeous Granite Table,Clothing,"6,093",9,Ergonomic executive chair upholstered in bonded black leather and PVC padded seat and back for all-day comfort and support,The beautiful range of Apple Naturalé that has an exciting mix of natural ingredients. With the Goodness of 100% Natural Ingredients,21/12/2023,28/12/2023
75,Awesome Metal Cheese,Shoes,"9,622",9,Ergonomic executive chair upholstered in bonded black leather and PVC padded seat and back for all-day comfort and support,The beautiful range of Apple Naturalé that has an exciting mix of natural ingredients. With the Goodness of 100% Natural Ingredients,09/06/2024,19/06/2024
76,Oriental Metal Salad,Computers,"6,873",37,Ergonomic executive chair upholstered in bonded black leather and PVC padded seat and back for all-day comfort and support,The beautiful range of Apple Naturalé that has an exciting mix of natural ingredients. With the Goodness of 100% Natural Ingredients,16/11/2022,19/11/2022
77,Handcrafted Cotton Table,Grocery,922,3,Ergonomic executive chair upholstered in bonded black leather and PVC padded seat and back for all-day comfort and support,The beautiful range of Apple Naturalé that has an exciting mix of natural ingredients. With the Goodness of 100% Natural Ingredients,12/07/2020,19/07/2020
78,Small Plastic Hat,Toys,"9,674",34,Ergonomic executive chair upholstered in bonded black leather and PVC padded seat and back for all-day comfort and support,The beautiful range of Apple Naturalé that has an exciting mix of natural ingredients. With the Goodness of 100% Natural Ingredients,16/07/2023,22/07/2023
79,Modern Wooden Chips,Electronics,"7,409",24,Ergonomic executive chair upholstered in bonded black leather and PVC padded seat and back for all-day comfort and support,The beautiful range of Apple Naturalé that has an exciting mix of natural ingredients. With the Goodness of 100% Natural Ingredients,15/02/2022,23/02/2022
80,Incredible Cotton Chair,Books,"5,715",57,Carbonite web goalkeeper gloves are ergonomically designed to give easy fit,The beautiful range of Apple Naturalé that has an exciting mix of natural ingredients. With the Goodness of 100% Natural Ingredients,21/01/2021,31/01/2021
81,Refined Frozen Salad,Computers,"7,002",62,Carbonite web goalkeeper gloves are ergonomically designed to give easy fit,The beautiful range of Apple Naturalé that has an exciting mix of natural ingredients. With the Goodness of 100% Natural Ingredients,29/12/2020,01/01/2021
82,Small Concrete Gloves,Sports,"9,821",62,Carbonite web goalkeeper gloves are ergonomically designed to give easy fit,The Football Is Good For Training And Recreational Purposes,22/08/2020,01/09/2020
83,Licensed Wooden Towels,Beauty,"3,840",19,Carbonite web goalkeeper gloves are ergonomically designed to give easy fit,The Football Is Good For Training And Recreational Purposes,06/09/2021,12/09/2021
84,Modern Soft Chair,Jewelery,"2,728",45,Carbonite web goalkeeper gloves are ergonomically designed to give easy fit,The Football Is Good For Training And Recreational Purposes,08/01/2020,17/01/2020
85,Fantastic Rubber Car,Movies,"2,560",39,Carbonite web goalkeeper gloves are ergonomically designed to give easy fit,The Football Is Good For Training And Recreational Purposes,04/11/2020,08/11/2020
86,Gorgeous Frozen Car,Outdoors,"6,121",63,Carbonite web goalkeeper gloves are ergonomically designed to give easy fit,The Football Is Good For Training And Recreational Purposes,21/11/2024,28/11/2024
87,Luxurious Steel Chicken,Games,"8,983",90,Carbonite web goalkeeper gloves are ergonomically designed to give easy fit,The Football Is Good For Training And Recreational Purposes,10/06/2024,14/06/2024
88,Sleek Cotton Salad,Sports,"7,831",72,"Boston's most advanced compression wear technology increases muscle oxygenation, stabilizes active muscles","The Nagasaki Lander is the trademarked name of several series of Nagasaki sport bikes, that started with the 1984 ABC800J",05/03/2021,12/03/2021
89,Awesome Fresh Gloves,Automotive,"8,893",60,"Boston's most advanced compression wear technology increases muscle oxygenation, stabilizes active muscles","The Nagasaki Lander is the trademarked name of several series of Nagasaki sport bikes, that started with the 1984 ABC800J",26/10/2024,03/11/2024
90,Recycled Concrete Bike,Health,"5,140",96,"Andy shoes are designed to keeping in mind durability as well as trends, the most stylish range of shoes & sandals","The Nagasaki Lander is the trademarked name of several series of Nagasaki sport bikes, that started with the 1984 ABC800J",27/12/2023,03/01/2024
91,Recycled Concrete Fish,Computers,"1,546",49,"Andy shoes are designed to keeping in mind durability as well as trends, the most stylish range of shoes & sandals","The Nagasaki Lander is the trademarked name of several series of Nagasaki sport bikes, that started with the 1984 ABC800J",04/12/2024,10/12/2024
92,Handcrafted Fresh Car,Kids,764,91,"Andy shoes are designed to keeping in mind durability as well as trends, the most stylish range of shoes & sandals","The Nagasaki Lander is the trademarked name of several series of Nagasaki sport bikes, that started with the 1984 ABC800J",02/08/2020,07/08/2020
93,Gorgeous Concrete Computer,Health,"1,829",13,"Andy shoes are designed to keeping in mind durability as well as trends, the most stylish range of shoes & sandals","The Nagasaki Lander is the trademarked name of several series of Nagasaki sport bikes, that started with the 1984 ABC800J",16/12/2024,25/12/2024
94,Gorgeous Bronze Mouse,Games,"3,751",73,"Andy shoes are designed to keeping in mind durability as well as trends, the most stylish range of shoes & sandals",The slim & simple Maple Gaming Keyboard from Dev Byte comes with a sleek body and 7- Color RGB LED Back-lighting for smart functionality,11/04/2024,16/04/2024
95,Generic Granite Keyboard,Electronics,"9,511",24,"Andy shoes are designed to keeping in mind durability as well as trends, the most stylish range of shoes & sandals",The slim & simple Maple Gaming Keyboard from Dev Byte comes with a sleek body and 7- Color RGB LED Back-lighting for smart functionality,31/08/2023,08/09/2023
96,Ergonomic Granite Salad,Home,"1,222",10,"Andy shoes are designed to keeping in mind durability as well as trends, the most stylish range of shoes & sandals",The slim & simple Maple Gaming Keyboard from Dev Byte comes with a sleek body and 7- Color RGB LED Back-lighting for smart functionality,31/05/2021,09/06/2021
97,Elegant Plastic Pizza,Beauty,"6,552",93,"Andy shoes are designed to keeping in mind durability as well as trends, the most stylish range of shoes & sandals",The slim & simple Maple Gaming Keyboard from Dev Byte comes with a sleek body and 7- Color RGB LED Back-lighting for smart functionality,23/03/2022,28/03/2022
98,Small Fresh Soap,Kids,"8,209",12,"Andy shoes are designed to keeping in mind durability as well as trends, the most stylish range of shoes & sandals",The slim & simple Maple Gaming Keyboard from Dev Byte comes with a sleek body and 7- Color RGB LED Back-lighting for smart functionality,16/04/2023,22/04/2023
99,Luxurious Concrete Computer,Clothing,"9,779",9,"Andy shoes are designed to keeping in mind durability as well as trends, the most stylish range of shoes & sandals",The slim & simple Maple Gaming Keyboard from Dev Byte comes with a sleek body and 7- Color RGB LED Back-lighting for smart functionality,24/03/2024,29/03/2024
100,Oriental Rubber Shirt,Toys,"4,342",51,"Andy shoes are designed to keeping in mind durability as well as trends, the most stylish range of shoes & sandals",The slim & simple Maple Gaming Keyboard from Dev Byte comes with a sleek body and 7- Color RGB LED Back-lighting for smart functionality,03/06/2021,05/06/2021
